Workbook

Sheet Asignación de Proyecto
A2: Registro del proyecto de estadías | N2: Asesora empresarial:
A3: FO-UTEZ-EST-02 | N3: Asesor empresarial:
A4: Rev. 06 | N4: Asesora universitaria:
A5: Nombre del estudiante: | B5: Andrés Yismael Díaz Hernandéz | N5: Asesor universitario:
A6: Generación: | B6: 26 | I6: Matrícula: | K6: 20243IGS003 | N6: Compromiso con la responsabilidad Social
A7: Nivel académico: | B7: Ingeniería | I7: Grado y Grupo: | K7: 11B | N7: Equidad Social y de Genero
A8: Carrera: | B8: Desarrollo y Gestión de Software | I8: Área: | K8: No aplica | N8: Inclusión
A9: Empresa o Institución: | B9: Baxter S.A. de C.V. | N9: Excelencia
A10: Asesor empresarial: | B10: I. I. Julio César Torres Hernández | N10: Vanguardia
A11: Asesora universitaria: | B11: M. C. Nélida Báron Pérez | N11: Innovación Social
A12: Fecha de Inicio: | B12: 46028 | F12: Fecha de término: | G12: 46128 | N12: Interculturalidad
A13: Tipo de proyecto: | B13: Excelencia
A14: Nombre del proyecto: | F14: Evidencias para medir resultados:
A15: Monitoreo y Control de Muestras de Retención | F15: 1. Formato de asesorías debidamente firmados.
F16: 2. Entrega de avances del proyecto (Repositorio y documentación técnica).
F17: 3. Manual de usuario
A18: Objetivo general: | F18: 4. Reporte de Audit Trail.
A19: Optimizar la trazabilidad y el control del ciclo de vida de las muestras de retención en la planta Vantive Cuernavaca, mediante la implementación de un sistema de gestión para garantizar el cumplimiento de las auditorías de calidad.
A22: Objetivos particulares: | F22: Fases detalladas | K22: Fechas de término programadas
A23: 1. Diseñar la arquitectura del sistema y la base de datos que permita el almacenamiento centralizado de la información de los lotes.
A24: 2. Desarrollar los módulos de gestión del ciclo de vida de las muestras. | F24: 1. Inicio | K24: 46038
A25: 3. Implementar un módulo de alertas y notificaciones basado en las fechas de expiración de cada lote. | F25: 2. Planeación | K25: 46087
A26: 4. Establecer un mecanismo de trazabilidad y generación de reportes auditables, asegurando la integridad de la información para fines de control de calidad. | F26: 3. Ejecución | K26: 46108
F27: 4. Control | K27: 46122
A28: Estrategias: | F28: 5. Cierre | K28: 46128
A29: Aplicación de la Metodología en V para validación de sistemas computarizados; uso de React para la interfaz dinámica; integración con Active Directory para seguridad y cumplimiento de los principios ALCOA+.
A34: =B10 -> I. I. Julio César Torres Hernández | F34: =B5 -> Andrés Yismael Díaz Hernandéz | J34: =B11 -> M. C. Nélida Báron Pérez
A35: =UPPER(LEFT(A10, LEN(A10)-1)) -> ASESOR EMPRESARIAL | F35: ESTUDIANTE | J35: =UPPER(LEFT(A11, LEN(A11)-1)) -> ASESORA UNIVERSITARIA
A36: La información de carácter personal recabada en este documento, será protegida por la Universidad Tecnológica Emiliano Zapata del Estado de Morelos de acuerdo con lo establecido en la Ley de Protección de Datos Personales en Posesión de los Sujetos Obligados del Estado de Morelos. Consulte nuestro aviso de privacidad en la página web de la UTEZ http://www.utez.edu.mx/.

Sheet Formato de Asesorías
A2: Reporte de asesorías de estadías
A3: FO-UTEZ-EST-03
A4: Rev. 07
A5: Nombre del estudiante: | C5: ='Asignación de Proyecto'!B5 -> Andrés Yismael Díaz Hernandéz | N5: DIRECTOR DE CARRERA
A6: Generación: | C6: ='Asignación de Proyecto'!B6 -> 26 | J6: Matrícula: | K6: ='Asignación de Proyecto'!K6 -> 20243IGS003 | N6: DIRECTORA DE CARRERA
A7: Nivel académico: | C7: ='Asignación de Proyecto'!B7 -> Ingeniería | J7: Grado y Grupo: | K7: ='Asignación de Proyecto'!K7 -> 11B | N7: ENCARGADO DEL DESPACHO DE LA DIRECCIÓN
A8: Carrera: | C8: ='Asignación de Proyecto'!B8 -> Desarrollo y Gestión de Software | J8: Área: | K8: ='Asignación de Proyecto'!K8 -> No aplica
A9: Empresa o Institución: | C9: ='Asignación de Proyecto'!B9 -> Baxter S.A. de C.V.
A10: ='Asignación de Proyecto'!A10 -> Asesor empresarial: | C10: ='Asignación de Proyecto'!B10 -> I. I. Julio César Torres Hernández
A11: ='Asignación de Proyecto'!A11 -> Asesora universitaria: | C11: ='Asignación de Proyecto'!B11 -> M. C. Nélida Báron Pérez
A12: Nombre del proyecto: | C12: ='Asignación de Proyecto'!A15 -> Monitoreo y Control de Muestras de Retención
A13: Periodo de estadía del: | C13: ='Asignación de Proyecto'!B12 -> 46028 | G13: Al: | H13: ='Asignación de Proyecto'!G12 -> 46128
A14: Fecha | B14: Actividad realizada con el estudiante | F14: Tipo de asesoría * | H14: Observaciones | K14: Firma del estudiante
A16: 46030 | B16: Primer acercamiento con el asesor empresarial. | F16: PEEM | H16: Se definieron los plazos para la ejecución del proyecto y la documentación necesaria por parte de ambos involucrados.
A17: 46031 | B17: Sesión complementaria con los involucrados internos de la empresa. | F17: PEEM | H17: Se explicó detalladamente el proceso que debía digitalizarse, así como los puntos clave a considerar para su desarrollo.
A18: 46035 | B18: Asesoría universitaria inicial para informar el sistema de trabajo. | F18: V | H18: Se establecen fechas para proximas asesorias.
A19: 46041 | B19: Revisión del capitulo 1 por la asesora universitaria. | F19: V | H19: Se realizan correcciones en capitulo 1.
A20: 46044 | B20: Revisión con el asesor universitario de los diseños de interfaz. | F20: PEEM | H20: Se analizaron distintas formas para el manejo del flujo.
A21: 46051 | B21: Revisión con el asesor universitario del inicio de sesión y página principal. | F21: PEEM | H21: Se dio visto bueno y se continuó con el desarrollo de los módulos.
A22: 46069 | B22: Revisión de capitulo 2 y del registro de proyecto de estadias por la asesora universitaria. | F22: V | H22: Retroalimentación de cap. 1 y corrección en capitulo 2 y registro de proyecto.
A23: 46072 | B23: Revisión con el equipo de manufactura para el módulo de creación de lotes. | F23: PEEM | H23: Se aceptó el flujo para la creación del lote
A24: 46083 | B24: Revisión del capitulo 3.1 Inicio y 3.2 Planeación por la asesora universitaria. | F24: V | H24: Correcciones de los esquemas y diagramas usados.
A25: 46086 | B25: Revisión de la aprobación del lote y generación de etiquetas. | F25: PEEM | H25: Se aceptó la estructura de las etiquetas y las funciones de aprobación y rechazo del lote.
A26: 46093 | B26: Revisión del módulo de registro de cajas y vinculación de muestras. | F26: PEEM | H26: Se probó junto con el equipo del área de calidad la función para registro de cajas y vinculación a las muestras retenidas.
A27: 46094 | B27: Reunión grupal con la asesora universitaria para información del cierre de estadías. | F27: V | H27: Se informó el proceso y fechas próximas para el fin de estadias.
... A33: 46118 | B33: Revisión completa del capitulo 3. | F33: PEUTEZ | H33: Debido a cambios grandes necesarios en el reporte se tuvo la necesidad de realizar una segunda reunión el mismo día para finalizar la revisión.
A34: 46118 | B34: Revisión completa del capitulo 3. | F34: V
A35: 46121 | B35: Revisión del capitulo 4, el resumen y los indices. | F35: PEUTEZ | H35: Se revisó el contenido adicional a los capitulos para finalizar el reporte.
C36: * Tipo de asesoría: | E36: Personal en empresa (PEEM) | G36: Personal en UTEZ (PEUTEZ) | J36: Virtual (V)
E37: Telefónica (TE) | G37: Correo electrónico (CE)
B39: ='Asignación de Proyecto'!J34 -> M. C. Nélida Báron Pérez
B40: ='Asignación de Proyecto'!J35 -> ASESORA UNIVERSITARIA | H40: DIRECTORA DE CARRERA
A41: La información de carácter personal recabada en este documento, será protegida por la Universidad Tecnológica Emiliano Zapata del Estado de Morelos de acuerdo con lo establecido en la Ley de Protección de Datos Personales en Posesión de los Sujetos Obligados del Estado de Morelos. Consulte nuestro aviso de privacidad en la página web de la UTEZ http://www.utez.edu.mx/.
